{"xD8+bLDWiMCh2Z/ql38Ayg==":"gd_logo-removebg-preview%20(1)-96x96.png","vgHGqXNthkrwGSvQwhOq8g==":"gd_logo-removebg-preview%20(1)-96x96.png","xQuj5oNH+JQfX2mFlGWqkg==":"gd_logo-removebg-preview%20(1)-284x284.png","fRfPjz2pXzXDyjZiFP64Qw==":"copy%20of%20gentle%20doggies-1920x1080.png","YQS/PxUFRo7QMY09TJ6kdg==":"copy%20of%20gentle%20doggies2-1920x1080.png","RZ5EcjJlhmYUb7MlmIr75Q==":"copy%20of%20gentle%20doggies2-1920x1080.png","YOyD+GyDTAxkyWRtxo9IHg==":"img-5819-445x450.jpg","0shQmwNF7jf6MpTjOHNlXQ==":"img-5798-451x455.jpg","qNv5m22tZnRZ+5Av7emhPA==":"img-5820-445x450.jpg","Jzn35lM160fiVHOPY7tS7A==":"img-5820-447x452.jpg","elsgd78Y2TQHKUzw54omRQ==":"copy%20of%20gentle%20doggies2-696x392.png","Ym/HoGXZAd/XQqRdVuAjog==":"ggg-696x392.png","9wXiQPf0TzcgoSLk5ZGUjg==":"bbb-1076x605.png","Xpp7yBaPrpgjfg88y+Iskg==":"yyy-1076x605.png","teTX0sQqwDLELvHGEaQowA==":"yyy-594x334.png","FGgguo+MLCA2cPsc1Z3Clg==":"bbb-1920x1080.png","HfaOtYLLcMgkiZZnZyWKxA==":"yyy-1920x1080.png","EK4vQl8P4OwE2NM3slrMpg==":"bbb-1-1920x1080.png","E7V2zRLRaoU9n48HWRSiMw==":"img-5821-462x476.jpg","mTXGL77fqznAVX4DSgyGVQ==":"img-5799-450x455.jpg","lWPCTf7Dh142IERbylAadQ==":"ggg-1432x806.png","i+Cy2qcQ4YRBKZqviM3dow==":"372-removebg-preview-500x500.png","B/y+i/3+3hXBriUo1iS0Dw==":"21-removebg-preview-500x500.png","rRIr8KPCBaH03xNseyRgnQ==":"36-removebg-preview-500x500.png","F4evHKd6yR18WGhz/EhMxQ==":"38-removebg-preview-500x500.png","rai0bfK7/iLsBg797RGtkA==":"282-removebg-preview-500x500.png","ERDgGUOHAxeIC8l6BLg+xA==":"33-removebg-preview-500x500.png","GT50oTEB6ICJ6Hc0KmPvow==":"1842-removebg-preview-500x500.png","QF9rX9per+BbBFUqNKARhg==":"vhdh-1920x1080.png","XVceVj1phluahVcXo8HqPg==":"vhdh-1-1920x1080.png","H0S3uWP+TxXAMjduL6+K8g==":"hhhh-1432x806.png","aEzRhlMMzJ1HS2pA74YYDA==":"hhhh-1-1432x806.png","C1+Hgd78h4UJcD95/82m1g==":"ghffdh-506x285.png","as5kJ95EP+m0jB2yiDNtxg==":"ghffdh-1-506x285.png","hNvNPGlGprWc4z5q6GUtcQ==":"ghffdh-2-506x285.png","qqvHL7xyk/erKR4K7nrEuw==":"ghffdh-3-506x285.png","DnAXDH9RsLUbCsE/Ciz8/w==":"bbbbbbbbhjyguk-1920x1080.png","GzbGG9l5ORq7fDntKBawjg==":"crty-1920x1080.png","k2dL8UP+OVYXWN+P0xsVsA==":"bbbbbbbbhjyguk-1-1920x1080.png","gtisF0HCLXqz3WYcxW2PEQ==":"4-1900x1900.png","QM/HKY8RSgHEWhqjsOy0Kw==":"6-1900x1900.png","6I7iNUl0CF2AqoQkegIDlg==":"104-1900x1900.png","1qZ6NKxVY6IBhP70N3FXnQ==":"crty-1646x926.png","o3zymYYWS//mUBHkxXb0YA==":"109-1900x1900.png","IiHdqCY2Q6o7E51HueHSOw==":"137-1900x1900.png","H3m28pIWs2v8uUV0/o87tw==":"390-1900x1900.png","P4o2is5EBH2J0USr4bVGGw==":"18-1900x1900.png","8nGglQYIEFdsevLZ4t5trw==":"47-1900x1900.png","4ZBY12zQZO6guOU5NWTv1Q==":"171-1900x1900.png","OacZEDNt2D2VoTBCAuNqyg==":"337-1900x1900.png","ItgaDCZqxtBZIiD2zPp39A==":"134-1900x1900.png","gsMcdEmJ67P6tc5v2mdrNg==":"crty-1-1920x1080.png","ipuJgC2MLM8iMDOteXp4Ow==":"crty-2-1920x1080.png","hABPfpAjxQJMi/BEG53D9Q==":"2-1920x1080.png","Hjpzk9Bq60ttZFEWSep3lA==":"3-1432x806.png","aAxK4fJV3M3uCduZe6gcXg==":"11-removebg-preview%20(1)-500x500.png","KbOgUu4Lotz3Ns2F/lHK+g==":"1-removebg-preview%20(1)-500x500.png","7M9a/sWVFdOp/StX50XOcg==":"4-removebg-preview-500x500.png","GHpZfmPV0q44Rlyz/UKNhg==":"5-removebg-preview-500x500.png","UtjAThya3vEISYM1O4zrqA==":"2-removebg-preview-500x500.png","gXDtJ1xeGrdKweE9zpYzfg==":"18-removebg-preview-500x500.png","9mRuQGh8iqmRFEJsvatZyQ==":"12-1080x1080.png","DcwXSmgyq5fCxlUnEJeMKw==":"22-1-1080x1080.png","lVhRe0Jg34BhXbm4KjTJbg==":"20-1-1080x1080.png","5ZKSwKem4jjFGR4ODww5dw==":"15-1-1080x1080.png","GgXwc1mo2e+Qs9x/b7sIkw==":"16-1-1080x1080.png","RuXJqrMNjAPVWxyiz/ycfw==":"36-1-1080x1080.png","0JFZVHO8Jnh0p9wuSZPRIg==":"38-1-1080x1080.png","o+o6/W6LaY6LKzKeE9b4Nw==":"n-1920x1080.png","xj2m0wdnYBlQh7SpzVy9jw==":"vsdv-1920x1080.png","KKzVrEJmoT2wPezbynzf3g==":"vsdv-1-1920x1080.png","U3/MH99niKIcf1Rwl3OITQ==":"n-1-1920x1080.png","vdb9GfFKcYBJtzPMcZBk8A==":"vsdv-2-1920x1080.png","x+ZCguivxpQNN1ySVzLmbg==":"vsdv-3-1920x1080.png","rJFWuWweC7p6U8bvcjlGUg==":"gds%20serum.gif","NQHli3rQ4+2ugOUWAptn/g==":"0-1080x1080.png","XIgqk0lYccXf5nR0ZjV2Sw==":"5-1000x1000.png","9Lw1bP3vIeKY2XhD3slL3A==":"0fe8f38dafc529f58e792da8cce9a1ae-240x78.png","BIAbhh3VsIXYpozIK0UAGA==":"benzinga-vector-logo-240x133.png","Cp08U+pxi0fY2nxQxOA+IQ==":"ncn_network_logo-240x115.png","omW2sgguUcWigPShw7XGRQ==":"ktxl_fox_40_(2019)-240x77.png","V88ZXskUSyyl3UX4xxuqow==":"marketwatch-ar21-240x120.png","jeFoignn2OyTa76cJgSKBw==":"digitaljournal-link-logo-240x144.jpg","/LmH+5Rrtmgim/crvVnkHA==":"logo_kmlk-112x111.png","CWNsJD6Duy1eH6JnapeHnQ==":"financial-content-logo-240x70.png","gvexd/XLCr+W1kpF2UosQA==":"financial-content-logo-1-240x70.png","GzsPQc39giUl/APOxt+Jxw==":"financial-content-logo-2-240x70.png"}